线路,标题,线路名称·中文,线路名称·英文,行程总览·中文,行程总览·英文
r1,路线一·r1 · 定价参数,路线一 · 三境溯游 · 秘境回响,Route 01 · The Three Realms Traverse,"14 日 · 南宁进 / 昆明出。从北部湾到云贵高原的跨国人文线。
城市链：南宁 → 崇左（德天/明仕）→ 下龙（2晚）→ 吉婆 → 河内（2晚）→ 沙坝（2晚）→ 建水 → 普者黑 → 弥勒 → 昆明送机。
卖点摘要：下龙五星游轮、吉婆/米轨、沙坝番西邦与猫猫村、云南古城与普者黑荷塘。
—— 以下为按日费用明细。","14 days · Nanning in / Kunming out. Gulf → Yunnan plateau traverse.
Cities: Nanning → Chongzuo (Detian/Mingshi) → Ha Long (2n) → Cat Ba → Hanoi (2n) → Sapa (2n) → Jianshui → Puzhehei → Mile → Kunming transfer.
Highlights: Ha Long cruise, Cat Ba/metre-gauge, Fansipan & Cat Cat, Yunnan old towns & lotus wetlands.
—— Daily cost lines follow."
r2,路线二·r2 · 定价参数,路线二 · 南境风土与城市人文,Route 02 · The Southern Loop,"11 日 · 南宁进 / 南宁出（闭环）。蔗海、梯田与法式老街的慢节奏边境巡游。
城市链：南宁 → 下龙 → 吉婆 → 河内 → 米轨过夜 → 沙坝（2晚）→ 观堂（2晚）→ 南宁收束。
卖点摘要：下龙/吉婆、河内老街、米轨卧铺、沙坝梯田、观堂天琴与蔗海、德天/明仕后回邕。
—— 按日费用明细待录入。","11 days · Nanning loop. Slow borderlands culture circuit.
Cities: Nanning → Ha Long → Cat Ba → Hanoi → overnight train → Sapa (2n) → Guantang (2n) → Nanning.
Highlights: bay & Cat Ba, Old Quarter, metre-gauge, Sapa terraces, Guantang & Detian/Mingshi.
—— Daily cost lines TBD."
r3,路线三·r3 · 定价参数,路线三 · 崇左栖山 · 涠洲枕海,Route 03 · Chongzuo Karst · Weizhou Isle,"7 日 · 南宁进 / 北海出。喀斯特秘境到火山海岛的短假山海线。
城市链：南宁 → 崇左（2晚）→ 北海 → 涠洲岛（2晚）→ 返程。
卖点摘要：崇左秘境丽世观瀑、涠洲方岛巨鲸悬崖、果冻海与观鲸节奏。
—— 按日费用明细待录入。","7 days · Nanning in / Beihai out. Karst peaks to volcanic isle.
Cities: Nanning → Chongzuo (2n) → Beihai → Weizhou (2n) → return.
Highlights: LUX* Chongzuo falls, Weizhou cliff resort, jelly sea & whale watching.
—— Daily cost lines TBD."
