标题,id,badge,title_zh,title_en,tagline_zh,tagline_en,duration_zh,duration_en,group_zh,group_en,season_zh,season_en,cover,gallery,desc1_zh,desc1_en,desc2_zh,desc2_en,highlights_zh,highlights_en,included_zh,included_en,note
hike · 徒步 · 骑行活动,hike,HIKING & CYCLING,徒步 · 骑行活动,Hiking & Cycling,半日到一日的徒步与骑行线路,Half-day to full-day routes on foot or two wheels,半日 – 一日,Half day – full day,2–8 人小团,2–8 travellers,全年可订,Year-round,light/hike/hike-1.jpeg,"light/hike/hike-1.jpeg
light/hike/scooter-1.jpeg
light/hike/raft-1.jpeg",喀斯特山谷、竹荫乡道、沿河小径——我们按体力和当天天气选线，再由熟悉路况的向导带路：哪段值得爬、哪段更凉快，他们心里有数。,"Karst valleys, bamboo shade and river paths — we match the outing to your legs and the weather, then go out with a guide who knows which bend is worth the climb and which stretch stays cool.",每一次出行都讲究节奏，不比拼强度。安全说明、装备与正餐提前安排。你只需要带一双自己信得过的鞋。,"Every outing is paced, not punished. Safety briefing, gear and a proper meal are arranged in advance. You bring shoes you trust.","玻璃田与喀斯特观景台的田园徒步
教练带领的山谷溯溪：碧潭与天然水滑
遇龙河网红步道复古机车骑行
全地形车山谷冲滩越野","Countryside walks above glass fields and karst viewpoints
Guided creek tracing with swim pools and natural slides
Vintage scooters along the Yulong River promenade
ATV off-road through streams and valley tracks","全程在地向导 / 户外教练
活动所列装备（头盔、救生衣、车辆等）
饮用水；行程写明时含一顿正餐","Local guide / coach throughout
Activity gear as listed (helmet, life jacket, vehicle)
Drinking water and one main meal when stated",【活动小产品】乌龙泉徒步；山谷溯溪；复古机车；ATV越野；遇龙河竹筏；竹林捉鸡
photo · 专业旅拍,photo,PHOTO WALKS,专业旅拍,Professional Photo Walks,跟着摄影师走，而不是被摄影师拍,"A photographer-guide, not a photographer-tour",2–4 小时,2–4 hours,1–6 人,1–6 travellers,全年可订 · 黄金光线最佳,Year-round · best at golden hour,destinations/chongzuo-rachel.jpg,"destinations/chongzuo-rachel.jpg
destinations/weizhoudao3.jpeg
destinations/catba.jpg",我们的摄影向导每周都在这一带拍摄，知道哪条巷子五点有光、哪个码头七点前没人。他们既替你拍，也教你怎么看这个画面。,"Our photographer-guides shoot the region every week, so they know which lane catches the light at 5pm and which pier is empty before 7am. They take the pictures and they teach you to see the same frame.",当天给预览，随后交付整套精修：无水印、无二次推销，版权归你，可直接打印。,"You get a same-day preview and a full edited set afterwards — no watermark, no upsell, yours to print.","按当天光线规划的黄金时刻路线
情侣 / 亲子 / 单人皆可的人像套系
精修照片私密相册交付
构图指导，手机同样用得上","Golden-hour route planned around the day's light
Portrait set for couples
Edited photos delivered in a private gallery
Light coaching on composition","摄影师向导全程
精修数字照片（可打印）
私密线上相册","Photographer-guide for the session
Edited digital photos
Private online gallery",
village · 村落人文考察,village,VILLAGE STUDY,村落人文考察,Village & Heritage Study,半日田野走访，由住在村里的人带路,Half-day field visits with people who live there,半日,Half day,2–10 人,2–10 travellers,全年可订,Year-round,light/village/yao-visit-1.jpeg,"light/village/yao-visit-1.jpeg
light/village/oil-tea-2.jpeg
light/village/dong-song-2.jpeg",不是拍照打卡点。是半个白天待在一个还在运转的村子里：仍在使用的水井、商量事情的祠堂、烧了四代人的那口窑。,"Not a photo stop. A half day inside a working village — the well that still feeds it, the hall where decisions get made, the family that has fired the same kiln for four generations.",走访由村民自己接待，刻意控制人数。出发前我们会说明：可以问什么、可以拍什么、什么应当回避。,"Visits are hosted by residents and sized small on purpose. We brief you on what to ask, what to photograph, and what to leave alone.","由原住民带路的老城行走
手作人家走访（制陶 / 织布 / 造纸）
与接待家庭共餐或饮茶
在地习俗与礼仪行前说明","Old-town walk with a resident host
Handicraft household visit (pottery
Village meal or tea with the host family
Briefing notes on local customs and etiquette","村民接待与随行翻译
走访费用与村民共享
酒店往返接送","Resident host and interpreter
Visit fees shared with the households
Round-trip transfer from your hotel",
foodfilm · 美食与电影,foodfilm,FOOD & FILM,美食与电影,Food & Film,先吃到那个场景，再在银幕上看见它,"Eat the scene, then watch the place on screen",3–5 小时,3–5 hours,2–12 人,2–12 travellers,全年可订 · 建议傍晚,Year-round · evenings preferred,destinations/hanoi.jpg,"destinations/hanoi.jpg
destinations/guilin-mifen.jpg
destinations/kunming-dengdeng.jpg",先逛一趟菜市场，吃这座城市真正拿得出手的几道菜，再看一部就拍在你刚走过那些街上的电影——配着晚餐，或在一扇开着窗的小屋里放映。,"A market walk, the dishes that define a city, then a film shot in the streets you just walked — screened over dinner or in a small room with the windows open.",搭配本身就是重点：看过凌晨五点熬汤的场面，河粉的味道不一样；下午亲自站在那片喀斯特天际线下，晚上银幕上的画面才落得下来。,"The pairing is the point: pho tastes different after you've seen the 5am broth run, and a karst skyline lands harder once you've stood under it that afternoon.","由 food writer 或主厨带队的早市
6–8 处品鉴，不安排游客菜单
与取景地呼应的电影放映
可选傍晚场：酒水 + 露天银幕","Morning market walk with a food writer or chef
Six-to-eight tastings
Film screening tied to the location
Evening option with drinks and open-air screen","全程美食向导
全部品鉴与一杯饮品
放映设备与字幕","Food host for the whole session
All tastings and one drink
Screening setup and subtitles",
craft · 手作与非遗工坊,craft,HANDICRAFT,手作与非遗工坊,Handicraft Workshops,跟真正做这行的人，好好做完一件东西,"Make one thing properly, with the person who teaches it",2–4 小时,2–4 hours,1–8 人,1–8 travellers,全年可订,Year-round,destinations/dongfengyun2.jpg,"destinations/dongfengyun2.jpg
destinations/mile.jpg
destinations/jianshuioldtown1.jpg",两到四个小时，守在一张工作台前：拉坯、扎染、压茶、抄纸。教你的人是做这行的人，节奏也是这门手艺真正需要的节奏。,"Two to four hours at one bench: throwing clay, dyeing cloth, pressing tea, shaping paper. The instructor is the maker, and the pace is the pace the craft actually needs.",你带走的是自己做的那件：烧好、晾干或打包寄回。没有哪一件是别人替你收尾的样品。,"You leave with the object you made — fired, dried or boxed for shipping. Nothing is a demo piece someone else finished for you.","在仍在烧窑的作坊里拉坯
蓝靛扎染与植物染料调制
压茶、焙火与品鉴
作品带走，可安排寄送","Pottery on the wheel at a working kiln
Indigo dyeing and natural pigment mixing
Tea pressing
Take home what you made","手艺人全程教学
全部材料、烧制与包装
成品寄送到家","Maker-led instruction
All materials
Shipping to your home address",
wellness · 疗愈与放松,wellness,WELLNESS & SPA,疗愈与放松,Healing & Unwinding,太极、山水静心与传统按摩——在桂林慢下来的几个小时,"Tai chi, nature stillness, and traditional massage — slow hours in the karst",1–3 小时,1–3 hours,1–10 人,1–10 travellers,全年可订,Year-round,light/wellness/taichi-2.jpeg,"light/wellness/taichi-2.jpeg
light/wellness/nature-1.jpeg
light/wellness/taichi-1.jpeg",从起势到云手，再由发力至收势，在一呼一吸之间，将天地灵气融归丹田；每一式抬手落步，皆可成为旅途中最独特、不可复制的记忆。我们为零基础学员开设太极课，中英双语、耐心拆解，在山水里真正放松身心。,"From the opening form to cloud hands, each breath folds the landscape back into the body. We teach beginner-friendly tai chi outdoors — bilingual coaching, zero jargon — so travellers can feel soft power and stillness between the peaks.",也可以在我们安排的临水处做瑜伽与深呼吸，与桂林山水安静相处；或在乡间走完漫长一天后，预约传统足底 / 全身按摩——温热与穴位并用，提前一天预订即可。,"Pair it with a quiet yoga or breath session above the river, or end a long countryside day with a traditional Chinese foot or full-body massage — herbal oils, no upsell, book a day ahead.","太极拳体验 · 1–3 人 300 元/人 · 4–10 人 200 元/人
自然体验 · 瑜伽与深呼吸，与山水相处
足底或全身按摩 · 精油 1.5 小时 / 无油 1 小时 · 足浴与肩部按摩
零基础友好 · 中英双语教学 · 按摩请至少提前一天预订","Tai chi class · ¥300 / person (1–3) · ¥200 / person (4–10)
Nature yoga & breathwork among the karst peaks
Foot / full-body massage · oil 1.5h or dry 1h · foot bath & shoulders
Beginner-friendly · bilingual coaching · book massage one day ahead","教练或按摩师全程
户外场地或安静理疗空间（按项目）
按摩精油、毛巾（预约按摩时）","Coach or therapist for the session
Outdoor venue or quiet treatment room as listed
Massage oils / towels when booked",文档报价：太极 1–3人 300元/人；4–10人 200元/人。自然体验询价。按摩提前一天预订。
